Names,Hometowns,State/Country,,
Will Acken,Middletown,N.J.,,
Nikola Bakoc,Belgrade,Serbia,,
Thomas Beck,Sandy,Utah,,
Miles Beeson,Aberdeen,Scotland,,
"Henry ""Gray"" Betts",Hingham,Mass.,,
Thomas Bischoff,Califon,N.J.,,
Woods Connell,Bethesda,Md.,,
Nick Cowling,London,U.K.,,
Patrick Craig,London,U.K.,,
Magruder Dent,Chevy Chase,Md.,,
Thomas Digby,Oxfordshire,U.K.,,
Freddie Elwes,Hampshire,U.K.,,
Rudd Fawcett,New York,N.Y.,,
Liam Galloway,Ridgefield,Conn.,,
Sonya Gladstone,Hamden,Conn.,,
Andrin Gulich,Zurich,Switzerland,,
Fergus Hamilton,Jindera,Australia,,
Nicholas Helms,Ely,Minn.,,
Katherine Hofmann,Barrington,R.I.,,
Garth Holden,Johannesburg,South Africa,,
Bobby Jahrling,Lincoln,Mass.,,
Leonard Jenkins,Whakatane,New Zealand,,
Alex Jeremijenko,Brisbane,Australia,,
Alex Julicher,Johannesburg,South Africa,,
Henry Kamp,Sydney,Australia,,
Aris Katafygiotis,Thessaloniki,Greece,,
Harry Keenan,Sydney,Australia,,
Nikita Kvasniov,London,U.K.,,
Jack Lopas,Christchurch,New Zealand,,
Daire Lynch,Clonmel,Ireland,,
Archie McChesney,Oxford,U.K.,,
Felix Mebius,Groningen,the Netherlands,,
Hank Michalik,Rye,N.Y.,,
Luke Miles,Abingdon,U.K.,,
Jack Morton,Summit,N.J.,,
Orlando Nixon,London,U.K.,,
Noah Norman,London,U.K.,,
Jens Odegard,Weston,Mass.,,
Sophie Oestergaard,London,UK,,
Nick Phillips,Melbourne,Australia,,
Alex Potter,Sydney,Australia,,
Will Powers,Greenwich,Conn.,,
Collett Preston,Washington,D.C.,,
Nick Rusher,West Bend,Wis.,,
Vlad Saigau,London,U.K.,,
Elias Salander,Millbrook,N.Y.,,
Matteo Sandrelli,Rome,Italy,,
Ivan Saric,Makarska,Croatia,,
Liam Sherif,New York,N.Y.,,
Edgar Staunton,Fairfield,Conn.,,
Dom Sullivan,London,U.K.,,
Daniel Urke,Wayzata,Minn.,,
Jack Webber,Chester,U.K.,,
Kelly Wei,Brooklyn,N.Y.,,
Benjamin Wiegand,Kenilworth,Ill.,,
Daniel Williamson,Auckland,New Zealand,,
Jonathan Winter,Auckland,New Zealand,,
,,,,
,,,,
Itai Almogy,Palo Alto,Calif.,,
James Ash,Tiburon,Calif.,,
Gaspard Baroudel,Paris,France,,
Raphael Berz,Toronto,Canada,,
Aaron Bosgang,Port Washington,N.Y.,,
Gavin Boyd-Goodrich,La Honda,Calif.,,
Justin Buckley,Redmond,Wash.,,
Maximilian Dewolf,Washington,D.C.,,
Eric Elftmann,Chanhassen,Minn.,,
Judah Ellison,Charleston,S.C.,,
Quentin Geczy,Melbourne,Australia,,
Lazo Gitchos,Twisp,WA,,
Jason Goode,Huntington Beach,Calif.,,
Rufus Guy,London,U.K.,,
Clay Hard,New York,N.Y.,,
Eric Hirsch,Weston,Conn.,,
Andrew Jones,Fairfax Station,Va.,,
Silver K√§sper,P√§rnu,Estonia,,
William Langhorne,Pensacola,Fla.,,
Keyi Li,Westborough,Mass.,,
Charlie Markert,Portsmouth,R.I.,,
Justin Matei,Chicago,Ill.,,
John McDonald,Garden City,N.Y.,,
Clarisa Merkatz,Farmington,Conn.,,
Duncan Moore,Albany,Ga.,,
Seth Moyer,Ontario,Canada,,
Matthew Murphy,Portland,Ore.,,
Brian O'Donnell,Marlboro,Mass.,,
James Patterson,Lincoln,Mass.,,
Dylan Paul,Alpharetta,Ga.,,
John Plumeri,Massapequa,N.Y.,,
Eli Sage-Martinson,Saint Paul,Minn.,,
Daniel Santiago Saldarriaga Arango,Orlando,Fla.,,
Gabi Seo,Chicago,Ill.,,
Geoff Skelly,Needham,Mass.,,
Michael Steinthal,Greenwich,Conn.,,
Jamie Sudlow,Oxford,U.K.,,
Brihu Sundararaman,Naperville,IL,,
Renee Theodore,San Francisco,Calif.,,
Duncan Umphrey,Concord,Mass.,,
Trutz von Warburg,Ratzeburg,North Germany,,
Alexander Waller,London,U.K.,,
Michael Whalen,Rome,Italy,,
Nick Wilmerding,Hong Kong,,,
Laurie Yousman,Farmington,Conn.,,
,,,,
,,,,
Phoebe Campbell,North Molton,Great Britain,,
Lauren Carey,Harrogate,England & Cape Town,South Africa,
Aparajita Chauhan,Seattle,Wash.,,
Olivia Clark,Wellington,New Zealand,,
Christiana Congdon,Stonington,Conn.,,
Elizabeth Cooper,Melbourne,Australia,,
Claire Dirks,Toronto,Ontario,,
Georgina Dooley,Manchester,England,,
Elizabeth Duserick,Arlington,Mass.,,
Lucy Edmunds,North Yorkshire,Great Britain,,
Riley Eversole,Oakland,Calif.,,
Charlotte Fennell,Amersham,England,,
Aliza Fisher,Bethesda,Maryland,,
Grace Galloway,Sydney,Australia,,
Katie Gleason,Sudbury,Mass.,,
Katie Green,Henley-on-Thames,Great Britain,,
Claire Grundig,San Carlos,Calif.,,
Sophia Hahn,Braselton,Georgia,,
Margaret Hedeman,Concord,Mass.,,
Sophie Houston,Sydney,Australia,,
Hannah Johns,Longmeadow,Mass.,,
Lillie Ketterson,Boston,Mass.,,
Katie King-Smith,Oxford,United Kingdom,,
Mette Køchs-Nielsen,Aarhus,Denmark,,
Emmeline Laurence,Greenland,N.H.,,
Tessa Mapplebeck,Sydney,Australia,,
Anna Matthes,Belmont,Mass.,,
Daisy Mazzio-Manson,Wellesley,Mass.,,
Grace Menke,Sarasota,Florida,,
Maya Meschkuleit,Mississauga,Canada,,
Clare Naughton,Burlington,Mass.,,
Margaux Paradis,San Francisco,Calif.,,
Alin Pasa,Westport,Conn.,,
Clementine Perry,Wellesley,Mass.,,
Alexia Rojas,Tampa,Fla.,,
Margaret Saunders,Arlington,Va.,,
Anna Scott,Denver,Colo.,,
Hannah Smith,Long Beach,Calif.,,
Sami Traina,Valencia,Calif.,,
Jenna van de Grift,San Diego,Calif.,,
Ella von der Schulenburg,Zurich,Switzerland,,
Veronica Wall,Ashburton,New Zealand,,
Hannah Yi,Sherman Oaks,Calif.,,
,,,,
,,,,
Alessandra Baldari,Palm Beach Gardens,FL,,
Hanna Blankemeier,Oak Park,Ill.,,
Kendall Brent,Fort Myers,Fla.,,
MaryKate Buckley,Duxbury,MA,,
Brigita Burgess,Greensboro,N.C.,,
Marisa Conner,London,UK,,
Nathalie Eid,Larchmont,N.Y.,,
Sophie Fontaine,Haddonfield,N.J.,,
Marissa Healy,Westport,Conn.,,
Izzi Henig,Menlo Park,CA,,
Samantha Ho,Scarsdale,N.Y.,,
Charlotte Hylinski,Charlotte,N.C.,,
Raime Jones,Edina,MN & Dallas,TX,
Heidi Katter,Palo Alto,CA,,
Ashley Loomis,Franklin,MA,,
Lili Margitai,Edmonton,Alberta,Canada,
Marlise Moesch,Green Brook,NJ,,
Cha O'Leary,Montclair,N.J.,,
Claire O'Mara,Gillette,N.J.,,
Ashley Pales,Lincoln,Neb.,,
Olivia Paoletti,New London TWP,PA,,
Ophelia Pilkinton,Nashville,Tenn.,,
Cate Sawkins,Chappaqua,N.Y.,,
Ishani Singh,Weston,Fla.,,
Bebe Thompson,Scarsdale,N.Y.,,
Ali Truwit,Darien,CT,,
Caitlin Tycz,Brunswick,Maine,,
Lindsey Wagner,Bedford,N.H.,,
Nikki Watters,New Albany,Ohio,,
Jessica Whang,Great Neck,N.Y.,,
Jamie Yeh,Irvine,Calif.,,
,,,,
,,,,
Cristian Bell,Egg Harbor Township,N.J.,,
Michael Blank,East Windsor,N.J.,,
Liam Bogart,Scarborough,N.Y.,,
Max Bottene,Walnut Creek,Calif.,,
Christian DeVol,Kimberton,Pa.,,
Jean Paul Ditto,Palo Alto,Calif.,,
Patrick Frith,Charlotte,N.C.,,
Tristan Furnary,Anchorage,Alaska,,
Henry Gaissert,Dover,Mass.,,
Tyler Harmon,Zionsville,Ind.,,
Nathaniel Hickman-Chow,The Woodlands,Texas,,
Ryan Huizing,Fort Wayne,Ind.,,
Greg Kalin,Cincinnati,Ohio,,
Chris LaBella,Laguna Niguel,Calif.,,
Duncan Lee,Plano,Texas,,
Connor Lee,South Pasadena,Calif.,,
William Lefebvre,Jupiter,Fla.,,
Jonathan Liao,Hong Kong,,,
Timmy Luz,Darien,Conn.,,
Philippe Marcoux,Fort Lauderdale,Fla.,,
Christopher Miller,Washoe Valley,Nev.,,
Jack O'Connor,Homer Glen,Ill.,,
Marcos Ortiz,Lawrenceville,N.J.,,
Joseph Page,Dubai,United Arab Emirates,,
Sam Pekarek,Apple Valley,Minn.,,
Jami Rzepecki,Charlotte,N.C.,,
Evan Schott,New Haven,Conn.,,
Andrew Schuler,Zionsville,Ind.,,
Matt Slabe,Liberty Township,Ohio,,
Nathan Stern,Bangkok,Thailand,,
Owen Stevens,Darien,Conn.,,
Felix Van Cauwelaert,Dallas,Texas,,
Tim Dorje Wu,McLean,Va.,,
Calvin Yang,Belmont,Mass.,,
,,,,
,,,,
Connor Hopkins,Malden,Mass.,,
Eddie Massaro,Purchase,NY,,
Jack St. Ivany,Manhattan Beach,Calif.,,
Michael Young,Medford,Mass.,,
Matt Foley,Longmeadow,Mass.,,
Brian Matthews,Marshfield,Mass.,,
Billy Sweezey,Hanson,Mass.,,
Brandon Tabakin,Woodbury,N.Y.,,
Will D'Orsi,Sudbury,Mass.,,
Robbie DeMontis,Kleinburg,Ont.,,
Chandler Lindstrand,Medina,Min.,,
Dante Palecco,Whippany,N.J.,,
Evan Smith,Stouffville,Ont.,,
Mitchell Smith,Stouffville,Ont.,,
Kyle Johnson,Port Moody,B.C.,,
Teddy Wooding,Wrentham,Mass.,,
Kevin O'Neil,Latham,N.Y.,,
Justin Pearson,Nashua,N.H.,,
Quinton Ong,Saskatoon,Sask.,,
Curtis Hall,Chagrin Falls,Ohio,,
Tyler Welsh,Whistler,B.C.,,
Hayden Rowan,Pemberville,Ohio,,
Cole Donhauser,Buffalo,N.Y.,,
Graham Lillibridge,Geneva,Ill.,,
Phil Kemp,Greenwich,Conn.,,
Brett Jewell,Vernon,B.C.,,
Luke Stevens,Duxbury,Mass.,,
Nicholas MacNab,Indianapolis,Ind.,,
Corbin Kaczperski,China Township,Mich.,,
,,,,
,,,,
Laura Anderson,Lino Lakes,Minn.,,
Elle Hartje,Detroit,Mich.,,
Lucy Burton,Minneapolis,Minn.,,
Greta Skarzynski,Lake Forest,Ill.,,
Tabea Botthof,Erding,Germany,,
Kiersten Goode,La Habra,Calif.,,
Kirsten Nergaard,Stamford,Conn.,,
Tess Dettling,Wilmette,Ill.,,
Rebecca Foggia,Rumson,N.J.,,
Lauren Moriyama,Toronto,Ont.,,
Charlotte Welch,Winchester,Mass.,,
Sofie Zander,Bara,Sweden,,
Rebecca Vanstone,Mississauga,Ont.,,
Kaitlyn Rippon,Pittsford,N.Y.,,
Maya Kerfoot,Mississauga,Ont.,,
Emma Seitz,New York,N.Y.,,
Claire Dalton,Toronto,Ont.,,
Sophie Veronneau,Ottawa,Ont.,,
Grace Lee,Boulder,Colo.,,
Tera Hofmann,Toronto,Ont.,,
Gianna Meloni,Washington,D.C.,,
Courtney DeNaut,Greenwich,Conn.,,
Saroya Tinker,Oshawa,Ont.,,
,,,,
,,,,
Luanna Summer,St. Louis,Mo.,,
Tara Litjens,Kingston,Pa.,,
Iliana Cabral,Camarillo,Calif.,,
Katie Pieterse,Ridgefield,Conn.,,
April Kim,Fredericksburg,Va.,,
Anissa Abboud,Bethlehem,Pa.,,
Laine Garber,Downingtown,Pa.,,
Bridget Condie,St. Louis,Mo.,,
Imogen Davies,Kilmacolm,Scotland,,
Ashley Kim,Fredericksburg,Va.,,
Josie Jahng,Livingston,N.J.,,
Th√©odora Dillman,Lancaster,Pa.,,
Alex MacKay,North Vancouver,B.C.,,
Lena Ansari,Glenview,Ill.,,
Holly Jackson,Glastonbury,England,,
Annina Zelkin,Lorton,Va.,,
Alissa Wong,West Vancouver,B.C.,,
Sarah King,Davidsonville,Md.,,
Olivia Levieux,Johannesburg,South Africa,,
Camille Scheyer,Glencoe,Ill.,,
Kelly Dolan,Hamden,Conn.,,
Sydney Terroso,York,Pa.,,
,,,,
,,,,
Brett Mallee,Philadelphia,Pa.,,
Logan Soelberg,Los Angeles,Calif.,,
Will Cabrera,Scarsdale,N.Y.,,
Joe Neuman,Port Washington,N.Y.,,
Brady McDermott,Rochester,N.Y.,,
TD Ierlan,Victor,N.Y.,,
Jake Wornow,Westfield,N.J.,,
Brody Wilson,Downingtown,Pa.,,
Lucas Cotler,Syosset,N.Y.,,
Will Weitzel,Newton,Mass.,,
Jack Ocken,Bedford,N.Y.,,
Brian Tevlin,Livingston,N.J.,,
Griffin Thomas,Norwalk,Conn.,,
Konrad Collins,Bend,Ore.,,
Jackson Morrill,Baltimore,Md.,,
Will Renz,Rockville Centre,N.Y.,,
Miles Leniw,Mahwah,N.J.,,
Jack Monfort,Syosset,N.Y.,,
Griffin Wilson,Victoria,B.C.,,
Kyle Zawadzki,Smithtown,N.Y.,,
Sean Kuttin,Head of the Harbor,N.Y.,,
Jack Starr,Washington,D.C.,,
Xander Martin,Stevenson,Md.,,
Chris Hladczuk,Jenkintown,Pa.,,
Patrick Hackler,Skaneateles,N.Y.,,
Jared Paquette,West Islip,N.Y.,,
Korbin Pecora,North Haven,Conn.,,
Chris Fake,Allentown,N.J.,,
Skyler Wilson,Victoria,B.C.,,
Christian Cropp,Jupiter,Fla.,,
Bryce De Muth,Landenberg,Pa.,,
Michael Alexander,West Islip,N.Y.,,
Colin Courtney,Orangeville,Ont.,,
Steven Reilly,Levittown,N.Y.,,
BJ Burlace,Edgewater,Md.,,
Matt Brandau,Timonium,Md.,,
Brian Ward,Mount Lebanon,Pa.,,
Nicholas Ramsey,Morristown,N.J.,,
Matt Gaudet,Hamilton,Ont.,,
Thomas Bragg,Cazenovia,N.Y.,,
Aidan Hynes,Mahopac,N.Y.,,
Sam Selati,Winnetka,Ill.,,
Luke Eschbach,Saint James,N.Y.,,
Elliot Sawyer-Kaplan,New Haven,Conn.,,
Jack Biestek,Durham,N.C.,,
Greg Gatto,Ridgefield,Conn.,,
,,,,
,,,,
Ana Dieroff,Fayetteville,N.Y.,,
Olivia Markert,Centreville,Va.,,
Anna Vetsch,Marcellus,N.Y.,,
Bri Carrasquillo,Alpharetta,Ga.,,
Payton Vaughn,Concord,Mass.,,
Chloe Conaghan,Chevy Chase,Md.,,
Olivia Sokol,Baltimore,Md.,,
Ali Anderson,Syracuse,N.Y.,,
Kelsey Dunn,McLean,Va.,,
Luanna Summer,St. Louis,Mo.,,
Sam Higgins,Shoreham,N.Y.,,
Rachel Anderson,Baltimore,Md.,,
Emma Reilly,Manhasset,N.Y.,,
Jenny Giampalmo,Howard County,Md.,,
Vanessa Yu,Oyster Bay,N.Y.,,
Zoe Durham,Dallas,Texas,,
Amanda Hartzell,Rye,N.Y.,,
Isabelle Webster,Towson,Md.,,
Anna Bowers,Sandy Spring,Md.,,
Delaney Vu,Sound Beach,N.Y.,,
Olivia Penoyer,Manlius,N.Y.,,
Shannon Coughlan,Setauket,N.Y.,,
Clare Boone,Stewartstown,Pa.,,
Bronwyn Davies,Wayland,Mass.,,
Jill Gollob,McLean,Va.,,
Amelia Drake,Morristown,N.J.,,
Colleen Huffman,Glenview,Ill.,,
Emily Clorite,Madison,Conn.,,
JoJo Gum,Dallas,Texas,,
Kenya Boston,Baltimore,Md.,,
,,,,
,,,,
Elizabeth Adelson,Tulsa,Okla.,,
Abrianna Barrett,Skillman,N.J.,,
Aliya Boshnak,Amman,Jordan,,
Bonnie Bostic,Carmel,Ind.,,
Caroline Brashear,Bronxville,NY,,
Lauren Chapey,Mamaroneck,N.Y.,,
Jocelyn Chau,Toronto,Ont.,,
Ariel Claxton,Summit,N.J.,,
Addison Coy,Chicago,Ill.,,
Aliyah Cunningham,Sarasota,Fla.,,
Kayley DeLay,Jacksonville Beach,Fla.,,
Nicole Dirks,Toronto,Ont,,
Lauren Drysch,Orange County,Calif.,,
Lillian Enes,Sacramento,Calif.,,
Natasha Feshbach,Santa Barbara,Calif.,,
Samantha Friborg,Acton,Mass.,,
Erin Gerardo,Aliso Viejo,Calif.,,
Maddie Ghazarian,Cambridge,Ont.,,
Sevanne Ghazarian,Cambridge,Ont.,,
Roxanne Harris,New York,N.Y.,,
Kelli Hines,Laguna Beach,Calif.,,
Deniz Ince,Iowa City,IA,,
Sophie Isom,Dallas,Texas,,
Chloe Jensen,Portland,Ore.,,
Angele Kelly,Manor,Texas,,
Karen Kirunda,Brookhaven,GA,,
Sydney Kunkler,Winnetka,IL,,
Davornne Lindo,Phenix City,Ala.,,
Abigail Long,Mansfield,Mass.,,
Arianna Lord,Cambridge,New Zealand,,
Tessa Malone,Davis,Calif.,,
Sydney McCord,Huntington Beach,California,,
Morgan McCormick,Wilton,Conn.,,
Libby McMahon,West Hartford,Conn.,,
Jane Miller,Phoenix,Ariz.,,
Olivia Mooney,Cambridge,N.Y.,,
Zoe Nuechterlein,Chevy Chase,Md.,,
Emma Osborne,Summit,N.J.,,
Ioanna Panopoulou,Athens,Geece,,
Alladia Patterson,Woodland Hills,Calif.,,
Sarah Pillard,Washington,D.C.,,
Megan Quimby,Mount Laurel,N.J.,,
Caroline Reiner,Glen Head,NY,,
Hannah Schupansky,Pittsburgh,PA,,
Maya Sharp,Thousand Oaks,Calif.,,
Gemma Shepherd,Yatesbury,England,,
Lauren Stavig,Bothell,Wash.,,
Hannah Steffke,Weidman,Mich.,,
Rachel Suss,Metuchen,N.J.,,
Arielle Tessier,Toronto,Ont.,,
Ava Thomas,,,,
Emma Vasen,Ocean Township,N.J.,,
Kosana Weir,London,England,,
Jocelyne Rondeau,South Hadley,MA,,
Jonathan Ascher,New York,N.Y.,,
Ekrem Ayhan,Hackettstown,N.J.,,
Neil Braganza,San Ramon,Calif.,,
Cade Brown,Bellingham,Wash.,,
Chris Brown,Wilmington,Del.,,
Fergal Burnett Small,London,,,
Trenton Charles,Baton Rouge,La,,
Chris Colbert,Wilton,Conn.,,
Nick Dahl,Philadelphia,Pa.,,
Jack Dunn,Barrington,R.I.,,
Itamar Fayler,Benei Dror,Israel,,
Charlie Gardner,Southlake,Texas,,
Liam Garrett,London,UK,,
Harry Grindle,London,UK,,
Darius Jing,Arcadia,Calif.,,
Will Laird,Seattle,Wash.,,
Kyle Macauley,Los Gatos,Calif.,,
Robert Miranda,Atherton,Calif.,,
Stephen Moody,Glen Ellyn,Ill.,,
Greg Moschella,Westborough,Mass.,,
Brendan Murray,Cheshire,Conn.,,
Armstrong Noonan,Darien,Conn.,,
Odera Nweke,Woodbine,Md,,
Spencer O'Neill,Fredericksburg,Va.,,
Evan Pattinelli,La Canada Flintridge,Calif.,,
Patrick Perry,Manlius,N.Y.,,
Trevor Reinhart,Marin,Calif.,,
Andrew Rochon,Coopersburg,Pa.,,
Hugh Sadler,Bristol,U.K.,,
Henry Saul,Palo Alto,Calif.,,
Juma Sei,Portland,Ore.,,
Allen Siegler,San Diego,Calif.,,
Harrison Smith,Southend-on-Sea,Essex,U.K.,
Ryan Smithers,Laguna Beach,Calif.,,
Austin Stoner,Haddonfield,N.J.,,
Richard Sturtevant,Leyden,Mass.,,
Kohl Swift,Dallas,Texas,,
Vincent Vaughns,Sparr,Fla.,,
Alex Whittaker,Laurel,Maryland,,
Jeamy Williams,Surgoinsville,Tennessee,,
Marcus Woods,Charlotte,NC,,
Cameron Wyman,Gig Harbor,Wash.,,
Justin Yazdi,Franklin Lakes,NJ,,
Alex Young,Irvine,Calif.,,
Phil Zuccaro,Westlake,Ohio,,
,,,,
,,,,
Anisha Arcot,West Linn,Ore.,,
Mina Cezairli,Istanbul,Turkey,,
Kathryn Clulo,Traverse City,Mich.,,
Alexandra Contomichalos,Athens,Greece,,
Megan Grimes,Portsmouth,R.I.,,
Chrissie Klingler,Larchmont,N.Y.,,
Emily Lau,Islesboro,Maine,,
B Lindsay,North Palm Beach,Fla.,,
Sonia Lingos-Utley,Yarmouth,Mass.,,
Claudia Loiacono,Miami,Fla.,,
Cate Mollerus,Larchmont,NY.,,
Graceann Nicolosi,St. Thomas,V.I.,,
Louisa Nordstrom,Sarasota,Fla.,,
Skylar Regan,Old Tappan,N.J.,,
Allison Rice,Baltimore,Md.,,
Becca Rose,Chicago,Ill.,,
Meredith Ryan,Buffalo,N.Y.,,
Emery Wallace,Fairfield,Conn.,,
Helena Ware,Baltimore,Md.,,
Catherine Webb,Newport Beach,Calif.,,
Kathleen Wells,Grand Rapids,Mich.,,
Sydney Zoehrer,Coronado,Calif.,,
Luke Arnone,Mantoloking,N.J.,,
Jacob Asher,Coronado,Calif.,,
Christophe Chaumont,Forth Worth,Texas,,
Nicholas Davies,Vufflens-leChateau,Switzerland,,
Dylan DiMarchi,Honolulu,Hawaii.,,
Shawn Harvey,Miami,Fla.,,
Ben Markert,Portsmouth,R.I.,,
Nicholas Marwell,San Francisco,Calif.,,
Liviu Mo»ônoi,Moldova,,,
Petru Neagu,Bucharest,Romania,,
Teddy Nicolosi,St. Thomas,U.S. Virgin Islands,,
Jonathan Schwartz,Indianapolis,Ind,,
Martin Tipton,New Haven,Conn.,,
Sam Tobin,Ridgefield,Conn.,,
Adam Wolnikowski,Lancaster,Pa.,,
,,,,
,,,,
Simone Eligon,Croydon,England,,
Alyssa Fagel,San Carlos,Calif.,,
Zia Makhathini,Henderson,Nev.,,
Mia Grillo,Orinda,Calif.,,
Emily Clorite,Madison,Conn.,,
Noelle Higginson,New Orleans,La.,,
Giana Pittaro,Hamilton,N.J.,,
Lauren Marks,Addison,Texas,,
Sarah Jordan,Mahwah,N.J.,,
Ellery Winkler,Concord,Mass.,,
Kristi Wharton,North Branford,Conn.,,
Alexandra McCraven,Cheshire,Conn.,,
Kiki Lobben,Glen Head,N.Y.,,
Lydia Shaw,Westport,Conn.,,
Christine Oberhausen,Avon,Conn.,,
Molly Fallek,New York,N.Y.,,
Emily Yin,Westport,Conn.,,
Saje Brar,Surrey,British Columbia,,
Kristen Enriquez,Thousand Oaks,Calif.,,
Chloe Laureano,Pembroke Pines,Fla.,,
Reina Bonta,Alameda,Calif.,,
Giovanna Dionicio,West Hartford,Conn.,,
Aerial Chavarin,Oakland,Calif.,,
Jane Buckley,Orinda,Calif.,,
,,,,
,,,,
Tom Wallenstein,Leipzig,Germany,,
Will Seidman,Chappaqua,N.Y.,,
Justin Lobe,Takoma Park,Md.,,
Jack Arnold,Brentwood,Tenn.,,
Jeremy Haddock,Whitefish Bay,Wisc.,,
Jake Schaffer,Orchard Park,N.Y.,,
Aldo Quevedo,Dallas,Texas,,
Adedeji (DJ) Palmer,Manahawkin,N.J.,,
Miguel Yuste,Valladolid,Spain,,
Mark Winhoffer,South Elgin,Ill.,,
Paolo Carroll,Sao Paulo,Brazil,,
Ryan Matteo,Chesterfield,Mo.,,
Enzo Okpoye,Asaba,Nigeria,,
Will Emerson,Nashville,Tenn.,,
Thomas Toney,Suwanee,Ga.,,
Andrew Carton,West Harrison,N.Y.,,
Matthew Massaad,La Jolla,Calif.,,
Daniel Massaad,La Jolla,Calif.,,
Andrew Sady-Kennedy,Ladera Ranch,Calif.,,
John Leisman,Kansas City,Mo.,,
Logan Sullivan,Santa Fe,N.M,,
Kai Moos,Los Altos,Calif.,,
Eric Lagos,St. Paul,Minn.,,
Sigfus Arnason,Reykjavic,Iceland,,
Lazaros Efthymiou,Lakatamia,Cyprus,,
Elian Haddock,Whitefish Bay,Wisc.,,
Andrew Bortey,Clifton,N.J.,,
,,,,
,,,,
Ashley Au,Westerville,Ohio,,
Dana Branstetter,Laurel,Ind.,,
Coco Chai,,China,,
Gabrielle DeSombre,Hong Kong,,,
Ami Gianchandani,Short Hills,N.J.,,
Kaitlyn Lee,Scarsdale,N.Y.,,
Beryl Wang,Sugar Land,Texas,,
Amy Zhang,Lake Mary,Fla.,,
,,,,
,,,,
Darren Lin,Chino Hills,Calif.,,
Gabriel Ruiz,Monterrey,Mexico,,
Paul Stankey,Wayzata,Minn.,,
Jordan Weitz,Rockville,Md.,,
Sho Wai Wu,Shanghai,China,,
Perry Xin,Vancouver,B.C.,,
Sean Yi,Auburn,Wash.,,
Teddy Zinsner,Alexandria,Va.,,
,,,,
,,,,
Lucy Beecroft,Newcastle,England,,
Anika Bhargava,Ann Arbor,MI,,
Aishwarya Bhattacharya,Mumbai,India,,
Brianna Jefferson,Mississauga,Ontario,,
Nikita Joshi,Mumbai,India,,
Alexis Lazor,Westwood,Mass.,,
Riya Mital,West Harrison,N.Y.,,
Elisabeth Ross,Philadelphia,PA,,
Helen Teegan,Seattle,WA,,
Molly Tomlinson,Derbyshire,England,,
Ainsley Weber,Newport,RI,,
Jessica Yacobucci,Greenwich,CT,,
Gigi Yeung,Macau,China,,
Julia Zhukovets,Kiev,Ukraine,,
,,,,
,,,,
Parth Bhatia,Dehli,India,,
Jed Burde,Philadelphia,Pa.,,
Tyler Carney,New Canaan,Conn.,,
Janson Chu,Hong Kong,HK,,
Patrick Feeley,Greenwich,Conn.,,
Harrison Gill,Darien,Conn.,,
Eric Kim,Phoenixville,Pa.,,
Spencer Lovejoy,Branford,Conn.,,
Calvin McCafferty,Philadelphia,Pa.,,
Nadav Raziel,Hod Hasharon,Israel,,
Jacob Jae-Jin Rhee,Englewood Cliffs,N.J.,,
David Tsai,Natick,MA,,
Samuel Turner,Haverford,Pa.,,
Tiber Worth,Brooklyn,NY,,
Siow Yee Xian,Melaka,Malaysia,,
,,,,
,,,,
Jenna Clark,Pittsburgh,Pa.,,
Camilla Emsbo,Lakewood,Colo.,,
Megan Gorman,Vero Beach,Fla.,,
Mackenzie Hewitt,Prosper,Texas,,
Klara Astrom,Menlo Park,Calif.,,
Robin Gallagher,Cary,N.C.,,
Alex Cade,Shaker Heights,Ohio,,
Roxy Barahman,Calabasas,Calif.,,
Tori Andrew,St. Louis,Mo.,,
Ellen Margaret Andrews,Dallas,Texas,,
Erin Hill,Edgartown,Mass.,,
Roxanne Nesbitt,Chicago,Ill.,,
Ayla Elam,Woodside,Calif.,,
Jessica Lezon,North Reading,Mass.,,
,,,,
,,,,
Jalen Gabbidon,Harrisburg,Pa.,,
Eze Dike,Montreal,Quebec,,
Eric Monroe,San Diego,Calif.,,
August Mahoney,Saratoga Springs,N.Y.,,
Azar Swain,Brockton,Mass.,,
Matthue Cotton,Voorhees,N.J.,,
Michael Feinberg,Hidden Hills,Calif.,,
Jameel Alausa,Chicago,Ill.,,
EJ Jarvis,Washington,DC,,
Paul Atkinson,West Palm Beach,Fla.,,
Austin Williams,Jacksonville,Fla.,,
Jordan Bruner,Columbia,S.C.,,
Jake Lanford,Charleston,S.C.,,
Wyatt Yess,Saint Louis,Mo.,,
Isaiah Kelly,Augusta,Ga.,,
,,,,
,,,,
Julia Grobman,Coral Springs,Fla.,,
Olivia Sardoff,Marlboro Township,N.J.,,
Carolyn Skotz,Campbell,Calif.,,
Olivia Vinyard,Valparaiso,Ind.,,
Kortney Ponce,San Diego,Calif.,,
Lindsay Kuss,Murrieta,Calif.,,
Mary Baumann,Orlando,Fla.,,
Giovy Webb,Clayton,Calif.,,
Miranda Papes,Frisco,Texas,,
Annie Tarte,Valrico,Fla.,,
Nic Conway,Tucson,Ariz.,,
Katie Tews,Sun Prairie,Wisc.,,
Maya Seifert,Valparaiso,Ind.,,
Gretchen Bunovsky,Monroe,Conn.,,
Sam Goodcase,Camarillo,Calif.,,
Willa Ferrer,New York,N.Y.,,
Sydney Grobman,Coral Springs,Fla.,,
,,,,
,,,,
Carson Swank,Ashburn,Va.,,
AJ Gaich,Medina,Ohio,,
Mason LaPlante,Allen,Texas,,
Dai Dai Otaka,Novi,Mich.,,
Harry Hegeman,St. Louis,Mo.,,
Pierce Blohowiak,Neenah,Wisc.,,
Teddy Hague,Woodbridge,Conn.,,
Brian Ronai,Orange,Conn.,,
Cole Shelton,Dalton,Ga.,,
Bobby Cecere,Glastonbury,Conn.,,
Jake Gehri,Buckley,Wash.,,
Carter Kessinger,Burbank,Calif.,,
Ben Metzner,New York,N.Y.,,
Alex Stiegler,Dallas,Texas,,
Tyler Sapsford,Tokyo,Japan,,
Matthew Erickson,Boulder,Colo.,,
Grant Kipp,Dallas,Texas,,
Cal Christofori,Belmont,Mass.,,
Quinn Cleary,Newton,Mass.,,
Jonathan Boulaphinh,Parker,Colo.,,
Dylan Kim,Southbury,Conn.,,
Jackson Bandow,Sammamish,Wash.,,
Josh Richardson,Brookline,Mass.,,
Thomas Espig,Vancouver,B.C.,,
Jamis DeKay,Studio City,Calif.,,
Alex Frey,Murrysville,Pa.,,
Rohan Handa,Charlotte,N.C.,,
Mike Walsh,La Grange,Ill.,,
Justin Ager,Hamilton,Va.,,
Ben Gibbs,Bonaire,Ga.,,
,,,,
,,,,
Sarah Cameron,Tulsa,Okla.,,
Vivian Cheng,Santa Monica,CALIF.,,
Caroline Dunleavy,Darien,Conn.,,
Lauren Gillinov,Moreland Hills,OH,,
Jessie Gong,Vancouver,B.C.,,
Chelsea Kung,Fort Worth,TX,,
Rena Lin,Northridge,CALIF.,,
Raissa Lou,Pittsford,N.Y.,,
Samantha Martinelli,Denver,CO,,
Rhea Shrivastava,Montgomery,N.J.,,
Kathy Wang,San Diego,Calif.,,
,,,,
,,,,
Ryan Cheng,San Marino,California,,
Arnav Dhingra,Darnestown,Maryland,,
Daniel Gale,Boca Raton,Fla.,,
Andrew Heller,Weston,Florida,,
Dylan King,Portland,Oregon,,
Cody Lin,Thousand Oaks,California,,
Robert Shymansky,Cheswick,Pa.,,
Louis Siegler,Miami,Fla.,,
Alan Sou,Hong Kong,,,
Michael Sun,Livingston,New Jersey,,
,,,,
,,,,
Grace Baghdadi,Saint-Germain-en-Laye,France,,
Julia Balch,North Salem,NY,,
Francesca Fedorovsky,San Clemente,Calif.,,
Jacqueline Hayre-P√©rez,Wellesley,MA,,
Sydney Hirsch,Woodbridge,CT,,
Lauren Kim,Plano,TX,,
Linda Liu,Toronto,Canada,,
Joy Ma,Merrick,NY,,
Michelle Nam,New York City,NY,,
Camille Pham,Maplewood,NJ,,
Rakel Tanibajeva,New York,NY,,
Shirley Wang,Toronto,Canada,,
Samantha Wood,Wolfeboro,NH,,
Jenny Zhao,Ottawa,Ontario,Canada,
Anna Zhou,Lexington,MA,,
Emme Zhou,Lexington,MA,,
Sophia Zhuang,Plainsboro,NJ,,
Aiden Ahn,Los Angeles,Calif.,,
Cameron Allen,Upper Makefield,PA,,
Kevin Callahan,Glen Rock,NJ,,
Earnest Chen,Weston,CT,,
Jonah Cho,Los Angeles,CA,,
Nicolas Del Vecchio,Silver Spring,MD,,
Allan Ding,Dover,MA,,
Safi Haider,Alpharetta,GA,,
Elijah Hong,Nashville,TN,,
John Kim,Burke,VA,,
Daniel Li,Maple,Ontario,,
Malcolm Miller,New York,N.Y.,,
Isaac Shelanski,Washington D.C.,,,
Francesco Spirli,Bologna,Italy,,
Maxwell Yee,Palos Verdes,CA,,
Mati Zeff,Philadelphia,PA,,
Andrew Zhang,Carmichael,CA,,
,,,,
,,,,
Kathryn Attar,Tampa,Fla.,,
Izzy Simqu,Westlake Village,Calif.,,
Tiffany Pedersen-Henry,Murrieta,Calif.,,
Zoie Stewart,Chatsworth,Calif.,,
Amelia Browne,Los Gatos,Calif.,,
Lauren Potter,Miami,Fla.,,
Ashley Dreyer,San Mateo,Calif.,,
McKenzie Cooke,Mill Valley,Calif.,,
Maile Somera,Barrington,R.I.,,
Bonnie Bostic,Carmel,Ind.,,
Chiara Spain,San Diego,Calif.,,
Rebekah Nemeth,Kingwood,Texas,,
Samantha Bray,Austin,Texas,,
Yurika Boyd,Los Angeles,Calif.,,
Renee Shultz,Glenmoore,Pa.,,
Tristin Kott,Winter Park,Fla.,,
Frances Arnautou,San Francisco,Calif.,,
Ellis DeJardin,San Gabriel,Calif.,,
,,,,
,,,,
Jacey Baldovino,Atherton,Calif.,,
Jade Buford,Coppell,Texas,,
Lindsay Chia,Windsor,Ont.,,
Seina Cho,Coquitlam,B.C.,,
Rebecca Chong,Warrenton,V.A.,,
Cassie Clement,Pompano Beach,Fla.,,
Charlotte Cooperman,Southborough,Mass.,,
Emma Firmstone,Honesdale,P.A.,,
Alyssa Firth,Bethpage,N.Y.,,
Caitlin Henry,Newton,Mass.,,
Carly Israel,Pleasanton,Calif.,,
Anna Jennings,Indianapolis,Ind.,,
Isabelle Lee,Harvard,Mass.,,
Riley Meeks,Ann Arbor,Mich.,,
Sofia Menemenlis,La Canada,Calif.,,
Rowan Palmer,Knoxville,Tenn.,,
Aimee Titche,Elgin,Ariz.,,
Kendal Toy,Coppell,Texas,,
Raegan Walker,Temecula,Calif.,,
Noah Aaron,Winston-Salem,N.C.,,
Brian Abraham,Brockton,Mass.,,
Spencer Alston,Reston,Va.,,
Micah Awodiran,Chicago,Ill.,,
Brandon Babcock,Gilbert,Ariz.,,
Jermaine Baker,Westchester,Ill.,,
Brandon Benn,Atlanta,Ga.,,
Jack Biestek,Durham,N.C.,,
Jack Bosman,San Diego,Calif.,,
Sebastian Bruno,Delray Beach,Fla.,,
Brayden Carey,Newnan,Ga.,,
Jordan Carey,Florissant,Mo.,,
Darrion Carrington,Lakewood,N.J.,,
Dante Chiappetta,North Haven,Conn.,,
Michael Connor,Oakland,N.J.,,
Patrick Conte,Newtown,Conn.,,
Ajay Culhane,Westlake Village,Calif.,,
Josh De St. Jean,South Bend,Ind.,,
John Dean,Wrentham,Mass.,,
Tyler Di Ienno,North Haledon,N.J.,,
Zane Dudek,Kittanning,Pa.,,
Jonathon Durand,Gilbert,Ariz.,,
Josh Eboboko,Charlotte,N.C.,,
Kyle Ellis,Cumming,Ga.,,
Joey Felton,Frederick,Md.,,
Shane Frommer,Norfolk,Mass.,,
Nick Gargiulo,Yorktown Heights,N.Y.,,
Brett Gerber,Bradenton,Fla.,,
Tate Goodyear,Cincinnati,Ohio,,
Jaylan Granberry,Nashville,Tenn.,,
Nolan Grooms,Lake Wylie,S.C.,,
Jackson Hawes,Salt Lake City,Utah,,
Jailon Henry,Tallahassee,Fla.,,
Deonte Henson,Beaumont,Texas,,
Dathan Hickey,Bristol,Conn.,,
Blake Hill,Milford,Mass.,,
Sasha Hoban,Newton,Mass.,,
Du'Shaunte Holloway,Villa Rica,Ga.,,
JJ Howland,Fiskdale,Mass.,,
Osorachukwu Ifesinachukwu,Austin,Texas,,
Trenton Johnson,Oakland,Calif.,,
Tyler Jost,Libertyville,Ill.,,
Kennedy Kosmalski,McHenry,Ill.,,
Alan Lamar,Olive Branch,Miss.,,
Aidan Maloney,Hillsboro,Ore.,,
Marcus Mauney,Gastonia,N.C.,,
Ryan McCann,Rumson,N.J.,,
Elliott McElwain,Trussville,Ala.,,
Joshua McKenzie,Wall,N.J.,,
Jonathan Mendoza,Westhampton Beach,N.Y.,,
Isaac Mitchell,Salina,Kan.,,
Hamilton Moore,Raleigh,N.C.,,
Patrick Nauert,Grosse Pointe,Mich.,,
Reid Nickerson,Friendswood,Texas,,
Griffin O'Connor,Huntington Beach,Calif.,,
Miles Oldacre,Spring,Texas,,
Seun Omonije,The Colony,Texas,,
Wande Owens,Cooksville,Md.,,
Clay Patterson,Frisco,Texas,,
Noah Pope,Memphis,Tenn.,,
Adam Raine,Basingstoke,England,,
Garry Raymond,Colorado Springs,Colo.,,
Darnell Robinson,West Palm Beach,Fla.,,
D. Major Roman,New London,Conn.,,
Melvin Rouse II,East Charlotte,N.C.,,
Archie Russ III,Laurel,Md.,,
AJ Ryan,Dover,Mass.,,
Christian Sampleton,Plainfield,Ill.,,
Jaylan Sandifer,Warner Robins,Ga.,,
Cubby Schuller,Bedminster,N.J.,,
Conor Smith,Little Silver,N.J.,,
Rodney Thomas II,Pittsburgh,Pa.,,
Nick Tibbetts,Uncasville,Conn.,,
Mason Tipton,Akron,Ohio,,
Jack Twyford,Winter Haven,Fla.,,
Joseph Vaughn,San Jose,Calif.,,
Cameron Warfield,Washington,District of Columbia,,
,,,,